trial,requested_us,actual_us,jitter_us,origin
0,50000,50030,30,synthetic-fixture
1,50000,50032,32,synthetic-fixture
2,50000,50029,29,synthetic-fixture
3,50000,50041,41,synthetic-fixture
4,50000,50033,33,synthetic-fixture
5,50000,50038,38,synthetic-fixture
6,50000,50045,45,synthetic-fixture
7,50000,50035,35,synthetic-fixture
8,50000,50031,31,synthetic-fixture
9,50000,50036,36,synthetic-fixture
10,50000,50040,40,synthetic-fixture
11,50000,50120,120,synthetic-fixture
12,50000,50042,42,synthetic-fixture
13,50000,50034,34,synthetic-fixture
14,50000,50039,39,synthetic-fixture
15,50000,50044,44,synthetic-fixture
16,50000,50037,37,synthetic-fixture
17,50000,50030,30,synthetic-fixture
18,50000,50031,31,synthetic-fixture
19,50000,50032,32,synthetic-fixture
20,50000,50300,300,synthetic-fixture
